xInput,yInput
0.06,0.9452
0.08,0.73063
0.1,0.62373
0.12,0.45702
0.14,0.38582
0.16,0.2874
0.18,0.20437
0.2,0.1393
0.24,0.0187
0.28,-0.11014
0.32,-0.22881
0.36,-0.29212
0.4,-0.36086
0.44,-0.384
0.48,-0.39701
0.52,-0.3901
0.56,-0.36129
0.6,-0.2925
0.64,-0.2214
0.68,-0.1542
0.72,-0.0113
0.76,0.12808
0.8,0.30955
0.82,0.37883
0.84,0.45399
0.86,0.56246
0.88,0.68482
0.9,0.8332
0.92,0.93108
